sample,fastq_1,fastq_2,strandedness
ERX1946678,/work/hartmaca/calixto_fetchngs/fastq/ERX1946678_ERR1886180_1.fastq.gz,/work/hartmaca/calixto_fetchngs/fastq/ERX1946678_ERR1886180_2.fastq.gz,auto
ERX1946679,/work/hartmaca/calixto_fetchngs/fastq/ERX1946679_ERR1886181_1.fastq.gz,/work/hartmaca/calixto_fetchngs/fastq/ERX1946679_ERR1886181_2.fastq.gz,auto
ERX1946680,/work/hartmaca/calixto_fetchngs/fastq/ERX1946680_ERR1886182_1.fastq.gz,/work/hartmaca/calixto_fetchngs/fastq/ERX1946680_ERR1886182_2.fastq.gz,auto
ERX1946681,/work/hartmaca/calixto_fetchngs/fastq/ERX1946681_ERR1886183_1.fastq.gz,/work/hartmaca/calixto_fetchngs/fastq/ERX1946681_ERR1886183_2.fastq.gz,auto
ERX1946682,/work/hartmaca/calixto_fetchngs/fastq/ERX1946682_ERR1886184_1.fastq.gz,/work/hartmaca/calixto_fetchngs/fastq/ERX1946682_ERR1886184_2.fastq.gz,auto
ERX1946683,/work/hartmaca/calixto_fetchngs/fastq/ERX1946683_ERR1886185_1.fastq.gz,/work/hartmaca/calixto_fetchngs/fastq/ERX1946683_ERR1886185_2.fastq.gz,auto
ERX1946684,/work/hartmaca/calixto_fetchngs/fastq/ERX1946684_ERR1886186_1.fastq.gz,/work/hartmaca/calixto_fetchngs/fastq/ERX1946684_ERR1886186_2.fastq.gz,auto
ERX1946685,/work/hartmaca/calixto_fetchngs/fastq/ERX1946685_ERR1886187_1.fastq.gz,/work/hartmaca/calixto_fetchngs/fastq/ERX1946685_ERR1886187_2.fastq.gz,auto
ERX1946686,/work/hartmaca/calixto_fetchngs/fastq/ERX1946686_ERR1886188_1.fastq.gz,/work/hartmaca/calixto_fetchngs/fastq/ERX1946686_ERR1886188_2.fastq.gz,auto
ERX1946687,/work/hartmaca/calixto_fetchngs/fastq/ERX1946687_ERR1886189_1.fastq.gz,/work/hartmaca/calixto_fetchngs/fastq/ERX1946687_ERR1886189_2.fastq.gz,auto
ERX1946688,/work/hartmaca/calixto_fetchngs/fastq/ERX1946688_ERR1886190_1.fastq.gz,/work/hartmaca/calixto_fetchngs/fastq/ERX1946688_ERR1886190_2.fastq.gz,auto
ERX1946689,/work/hartmaca/calixto_fetchngs/fastq/ERX1946689_ERR1886191_1.fastq.gz,/work/hartmaca/calixto_fetchngs/fastq/ERX1946689_ERR1886191_2.fastq.gz,auto
ERX1946690,/work/hartmaca/calixto_fetchngs/fastq/ERX1946690_ERR1886192_1.fastq.gz,/work/hartmaca/calixto_fetchngs/fastq/ERX1946690_ERR1886192_2.fastq.gz,auto
ERX1946691,/work/hartmaca/calixto_fetchngs/fastq/ERX1946691_ERR1886193_1.fastq.gz,/work/hartmaca/calixto_fetchngs/fastq/ERX1946691_ERR1886193_2.fastq.gz,auto
ERX1946692,/work/hartmaca/calixto_fetchngs/fastq/ERX1946692_ERR1886194_1.fastq.gz,/work/hartmaca/calixto_fetchngs/fastq/ERX1946692_ERR1886194_2.fastq.gz,auto
ERX1946693,/work/hartmaca/calixto_fetchngs/fastq/ERX1946693_ERR1886195_1.fastq.gz,/work/hartmaca/calixto_fetchngs/fastq/ERX1946693_ERR1886195_2.fastq.gz,auto
ERX1946694,/work/hartmaca/calixto_fetchngs/fastq/ERX1946694_ERR1886196_1.fastq.gz,/work/hartmaca/calixto_fetchngs/fastq/ERX1946694_ERR1886196_2.fastq.gz,auto
ERX1946695,/work/hartmaca/calixto_fetchngs/fastq/ERX1946695_ERR1886197_1.fastq.gz,/work/hartmaca/calixto_fetchngs/fastq/ERX1946695_ERR1886197_2.fastq.gz,auto
ERX1946696,/work/hartmaca/calixto_fetchngs/fastq/ERX1946696_ERR1886198_1.fastq.gz,/work/hartmaca/calixto_fetchngs/fastq/ERX1946696_ERR1886198_2.fastq.gz,auto
ERX1946697,/work/hartmaca/calixto_fetchngs/fastq/ERX1946697_ERR1886199_1.fastq.gz,/work/hartmaca/calixto_fetchngs/fastq/ERX1946697_ERR1886199_2.fastq.gz,auto
ERX1946698,/work/hartmaca/calixto_fetchngs/fastq/ERX1946698_ERR1886200_1.fastq.gz,/work/hartmaca/calixto_fetchngs/fastq/ERX1946698_ERR1886200_2.fastq.gz,auto
ERX1946699,/work/hartmaca/calixto_fetchngs/fastq/ERX1946699_ERR1886201_1.fastq.gz,/work/hartmaca/calixto_fetchngs/fastq/ERX1946699_ERR1886201_2.fastq.gz,auto
ERX1946700,/work/hartmaca/calixto_fetchngs/fastq/ERX1946700_ERR1886202_1.fastq.gz,/work/hartmaca/calixto_fetchngs/fastq/ERX1946700_ERR1886202_2.fastq.gz,auto
ERX1946701,/work/hartmaca/calixto_fetchngs/fastq/ERX1946701_ERR1886203_1.fastq.gz,/work/hartmaca/calixto_fetchngs/fastq/ERX1946701_ERR1886203_2.fastq.gz,auto
ERX1946702,/work/hartmaca/calixto_fetchngs/fastq/ERX1946702_ERR1886204_1.fastq.gz,/work/hartmaca/calixto_fetchngs/fastq/ERX1946702_ERR1886204_2.fastq.gz,auto
ERX1946703,/work/hartmaca/calixto_fetchngs/fastq/ERX1946703_ERR1886205_1.fastq.gz,/work/hartmaca/calixto_fetchngs/fastq/ERX1946703_ERR1886205_2.fastq.gz,auto
ERX1946704,/work/hartmaca/calixto_fetchngs/fastq/ERX1946704_ERR1886206_1.fastq.gz,/work/hartmaca/calixto_fetchngs/fastq/ERX1946704_ERR1886206_2.fastq.gz,auto
ERX1946705,/work/hartmaca/calixto_fetchngs/fastq/ERX1946705_ERR1886207_1.fastq.gz,/work/hartmaca/calixto_fetchngs/fastq/ERX1946705_ERR1886207_2.fastq.gz,auto
ERX1946706,/work/hartmaca/calixto_fetchngs/fastq/ERX1946706_ERR1886208_1.fastq.gz,/work/hartmaca/calixto_fetchngs/fastq/ERX1946706_ERR1886208_2.fastq.gz,auto
ERX1946707,/work/hartmaca/calixto_fetchngs/fastq/ERX1946707_ERR1886209_1.fastq.gz,/work/hartmaca/calixto_fetchngs/fastq/ERX1946707_ERR1886209_2.fastq.gz,auto
ERX1946708,/work/hartmaca/calixto_fetchngs/fastq/ERX1946708_ERR1886210_1.fastq.gz,/work/hartmaca/calixto_fetchngs/fastq/ERX1946708_ERR1886210_2.fastq.gz,auto
ERX1946709,/work/hartmaca/calixto_fetchngs/fastq/ERX1946709_ERR1886211_1.fastq.gz,/work/hartmaca/calixto_fetchngs/fastq/ERX1946709_ERR1886211_2.fastq.gz,auto
ERX1946710,/work/hartmaca/calixto_fetchngs/fastq/ERX1946710_ERR1886212_1.fastq.gz,/work/hartmaca/calixto_fetchngs/fastq/ERX1946710_ERR1886212_2.fastq.gz,auto
ERX1946711,/work/hartmaca/calixto_fetchngs/fastq/ERX1946711_ERR1886213_1.fastq.gz,/work/hartmaca/calixto_fetchngs/fastq/ERX1946711_ERR1886213_2.fastq.gz,auto
ERX1946712,/work/hartmaca/calixto_fetchngs/fastq/ERX1946712_ERR1886214_1.fastq.gz,/work/hartmaca/calixto_fetchngs/fastq/ERX1946712_ERR1886214_2.fastq.gz,auto
ERX1946713,/work/hartmaca/calixto_fetchngs/fastq/ERX1946713_ERR1886215_1.fastq.gz,/work/hartmaca/calixto_fetchngs/fastq/ERX1946713_ERR1886215_2.fastq.gz,auto
ERX1946714,/work/hartmaca/calixto_fetchngs/fastq/ERX1946714_ERR1886216_1.fastq.gz,/work/hartmaca/calixto_fetchngs/fastq/ERX1946714_ERR1886216_2.fastq.gz,auto
ERX1946715,/work/hartmaca/calixto_fetchngs/fastq/ERX1946715_ERR1886217_1.fastq.gz,/work/hartmaca/calixto_fetchngs/fastq/ERX1946715_ERR1886217_2.fastq.gz,auto
ERX1946716,/work/hartmaca/calixto_fetchngs/fastq/ERX1946716_ERR1886218_1.fastq.gz,/work/hartmaca/calixto_fetchngs/fastq/ERX1946716_ERR1886218_2.fastq.gz,auto
ERX1946717,/work/hartmaca/calixto_fetchngs/fastq/ERX1946717_ERR1886219_1.fastq.gz,/work/hartmaca/calixto_fetchngs/fastq/ERX1946717_ERR1886219_2.fastq.gz,auto
ERX1946718,/work/hartmaca/calixto_fetchngs/fastq/ERX1946718_ERR1886220_1.fastq.gz,/work/hartmaca/calixto_fetchngs/fastq/ERX1946718_ERR1886220_2.fastq.gz,auto
ERX1946719,/work/hartmaca/calixto_fetchngs/fastq/ERX1946719_ERR1886221_1.fastq.gz,/work/hartmaca/calixto_fetchngs/fastq/ERX1946719_ERR1886221_2.fastq.gz,auto
ERX1946720,/work/hartmaca/calixto_fetchngs/fastq/ERX1946720_ERR1886222_1.fastq.gz,/work/hartmaca/calixto_fetchngs/fastq/ERX1946720_ERR1886222_2.fastq.gz,auto
ERX1946721,/work/hartmaca/calixto_fetchngs/fastq/ERX1946721_ERR1886223_1.fastq.gz,/work/hartmaca/calixto_fetchngs/fastq/ERX1946721_ERR1886223_2.fastq.gz,auto
ERX1946722,/work/hartmaca/calixto_fetchngs/fastq/ERX1946722_ERR1886224_1.fastq.gz,/work/hartmaca/calixto_fetchngs/fastq/ERX1946722_ERR1886224_2.fastq.gz,auto
ERX1946723,/work/hartmaca/calixto_fetchngs/fastq/ERX1946723_ERR1886225_1.fastq.gz,/work/hartmaca/calixto_fetchngs/fastq/ERX1946723_ERR1886225_2.fastq.gz,auto
ERX1946724,/work/hartmaca/calixto_fetchngs/fastq/ERX1946724_ERR1886226_1.fastq.gz,/work/hartmaca/calixto_fetchngs/fastq/ERX1946724_ERR1886226_2.fastq.gz,auto
ERX1946725,/work/hartmaca/calixto_fetchngs/fastq/ERX1946725_ERR1886227_1.fastq.gz,/work/hartmaca/calixto_fetchngs/fastq/ERX1946725_ERR1886227_2.fastq.gz,auto
ERX1946726,/work/hartmaca/calixto_fetchngs/fastq/ERX1946726_ERR1886228_1.fastq.gz,/work/hartmaca/calixto_fetchngs/fastq/ERX1946726_ERR1886228_2.fastq.gz,auto
ERX1946727,/work/hartmaca/calixto_fetchngs/fastq/ERX1946727_ERR1886229_1.fastq.gz,/work/hartmaca/calixto_fetchngs/fastq/ERX1946727_ERR1886229_2.fastq.gz,auto
ERX1946728,/work/hartmaca/calixto_fetchngs/fastq/ERX1946728_ERR1886230_1.fastq.gz,/work/hartmaca/calixto_fetchngs/fastq/ERX1946728_ERR1886230_2.fastq.gz,auto
ERX1946729,/work/hartmaca/calixto_fetchngs/fastq/ERX1946729_ERR1886231_1.fastq.gz,/work/hartmaca/calixto_fetchngs/fastq/ERX1946729_ERR1886231_2.fastq.gz,auto
ERX1946730,/work/hartmaca/calixto_fetchngs/fastq/ERX1946730_ERR1886232_1.fastq.gz,/work/hartmaca/calixto_fetchngs/fastq/ERX1946730_ERR1886232_2.fastq.gz,auto
ERX1946731,/work/hartmaca/calixto_fetchngs/fastq/ERX1946731_ERR1886233_1.fastq.gz,/work/hartmaca/calixto_fetchngs/fastq/ERX1946731_ERR1886233_2.fastq.gz,auto
ERX1946732,/work/hartmaca/calixto_fetchngs/fastq/ERX1946732_ERR1886234_1.fastq.gz,/work/hartmaca/calixto_fetchngs/fastq/ERX1946732_ERR1886234_2.fastq.gz,auto
ERX1946733,/work/hartmaca/calixto_fetchngs/fastq/ERX1946733_ERR1886235_1.fastq.gz,/work/hartmaca/calixto_fetchngs/fastq/ERX1946733_ERR1886235_2.fastq.gz,auto
ERX1946734,/work/hartmaca/calixto_fetchngs/fastq/ERX1946734_ERR1886236_1.fastq.gz,/work/hartmaca/calixto_fetchngs/fastq/ERX1946734_ERR1886236_2.fastq.gz,auto
ERX1946735,/work/hartmaca/calixto_fetchngs/fastq/ERX1946735_ERR1886237_1.fastq.gz,/work/hartmaca/calixto_fetchngs/fastq/ERX1946735_ERR1886237_2.fastq.gz,auto
ERX1946736,/work/hartmaca/calixto_fetchngs/fastq/ERX1946736_ERR1886238_1.fastq.gz,/work/hartmaca/calixto_fetchngs/fastq/ERX1946736_ERR1886238_2.fastq.gz,auto
ERX1946737,/work/hartmaca/calixto_fetchngs/fastq/ERX1946737_ERR1886239_1.fastq.gz,/work/hartmaca/calixto_fetchngs/fastq/ERX1946737_ERR1886239_2.fastq.gz,auto
ERX1946738,/work/hartmaca/calixto_fetchngs/fastq/ERX1946738_ERR1886240_1.fastq.gz,/work/hartmaca/calixto_fetchngs/fastq/ERX1946738_ERR1886240_2.fastq.gz,auto
ERX1946739,/work/hartmaca/calixto_fetchngs/fastq/ERX1946739_ERR1886241_1.fastq.gz,/work/hartmaca/calixto_fetchngs/fastq/ERX1946739_ERR1886241_2.fastq.gz,auto
ERX1946740,/work/hartmaca/calixto_fetchngs/fastq/ERX1946740_ERR1886242_1.fastq.gz,/work/hartmaca/calixto_fetchngs/fastq/ERX1946740_ERR1886242_2.fastq.gz,auto
ERX1946741,/work/hartmaca/calixto_fetchngs/fastq/ERX1946741_ERR1886243_1.fastq.gz,/work/hartmaca/calixto_fetchngs/fastq/ERX1946741_ERR1886243_2.fastq.gz,auto
ERX1946742,/work/hartmaca/calixto_fetchngs/fastq/ERX1946742_ERR1886244_1.fastq.gz,/work/hartmaca/calixto_fetchngs/fastq/ERX1946742_ERR1886244_2.fastq.gz,auto
ERX1946743,/work/hartmaca/calixto_fetchngs/fastq/ERX1946743_ERR1886245_1.fastq.gz,/work/hartmaca/calixto_fetchngs/fastq/ERX1946743_ERR1886245_2.fastq.gz,auto
ERX1946744,/work/hartmaca/calixto_fetchngs/fastq/ERX1946744_ERR1886246_1.fastq.gz,/work/hartmaca/calixto_fetchngs/fastq/ERX1946744_ERR1886246_2.fastq.gz,auto
ERX1946745,/work/hartmaca/calixto_fetchngs/fastq/ERX1946745_ERR1886247_1.fastq.gz,/work/hartmaca/calixto_fetchngs/fastq/ERX1946745_ERR1886247_2.fastq.gz,auto
ERX1946746,/work/hartmaca/calixto_fetchngs/fastq/ERX1946746_ERR1886248_1.fastq.gz,/work/hartmaca/calixto_fetchngs/fastq/ERX1946746_ERR1886248_2.fastq.gz,auto
ERX1946747,/work/hartmaca/calixto_fetchngs/fastq/ERX1946747_ERR1886249_1.fastq.gz,/work/hartmaca/calixto_fetchngs/fastq/ERX1946747_ERR1886249_2.fastq.gz,auto
ERX1946748,/work/hartmaca/calixto_fetchngs/fastq/ERX1946748_ERR1886250_1.fastq.gz,/work/hartmaca/calixto_fetchngs/fastq/ERX1946748_ERR1886250_2.fastq.gz,auto
ERX1946749,/work/hartmaca/calixto_fetchngs/fastq/ERX1946749_ERR1886251_1.fastq.gz,/work/hartmaca/calixto_fetchngs/fastq/ERX1946749_ERR1886251_2.fastq.gz,auto
ERX1946750,/work/hartmaca/calixto_fetchngs/fastq/ERX1946750_ERR1886252_1.fastq.gz,/work/hartmaca/calixto_fetchngs/fastq/ERX1946750_ERR1886252_2.fastq.gz,auto
ERX1946751,/work/hartmaca/calixto_fetchngs/fastq/ERX1946751_ERR1886253_1.fastq.gz,/work/hartmaca/calixto_fetchngs/fastq/ERX1946751_ERR1886253_2.fastq.gz,auto
ERX1946752,/work/hartmaca/calixto_fetchngs/fastq/ERX1946752_ERR1886254_1.fastq.gz,/work/hartmaca/calixto_fetchngs/fastq/ERX1946752_ERR1886254_2.fastq.gz,auto
ERX1946753,/work/hartmaca/calixto_fetchngs/fastq/ERX1946753_ERR1886255_1.fastq.gz,/work/hartmaca/calixto_fetchngs/fastq/ERX1946753_ERR1886255_2.fastq.gz,auto
ERX1946754,/work/hartmaca/calixto_fetchngs/fastq/ERX1946754_ERR1886256_1.fastq.gz,/work/hartmaca/calixto_fetchngs/fastq/ERX1946754_ERR1886256_2.fastq.gz,auto
ERX1946755,/work/hartmaca/calixto_fetchngs/fastq/ERX1946755_ERR1886257_1.fastq.gz,/work/hartmaca/calixto_fetchngs/fastq/ERX1946755_ERR1886257_2.fastq.gz,auto
ERX1946756,/work/hartmaca/calixto_fetchngs/fastq/ERX1946756_ERR1886258_1.fastq.gz,/work/hartmaca/calixto_fetchngs/fastq/ERX1946756_ERR1886258_2.fastq.gz,auto
ERX1946757,/work/hartmaca/calixto_fetchngs/fastq/ERX1946757_ERR1886259_1.fastq.gz,/work/hartmaca/calixto_fetchngs/fastq/ERX1946757_ERR1886259_2.fastq.gz,auto
ERX1946758,/work/hartmaca/calixto_fetchngs/fastq/ERX1946758_ERR1886260_1.fastq.gz,/work/hartmaca/calixto_fetchngs/fastq/ERX1946758_ERR1886260_2.fastq.gz,auto
ERX1946759,/work/hartmaca/calixto_fetchngs/fastq/ERX1946759_ERR1886261_1.fastq.gz,/work/hartmaca/calixto_fetchngs/fastq/ERX1946759_ERR1886261_2.fastq.gz,auto
ERX1946760,/work/hartmaca/calixto_fetchngs/fastq/ERX1946760_ERR1886262_1.fastq.gz,/work/hartmaca/calixto_fetchngs/fastq/ERX1946760_ERR1886262_2.fastq.gz,auto
ERX1946761,/work/hartmaca/calixto_fetchngs/fastq/ERX1946761_ERR1886263_1.fastq.gz,/work/hartmaca/calixto_fetchngs/fastq/ERX1946761_ERR1886263_2.fastq.gz,auto
ERX1946762,/work/hartmaca/calixto_fetchngs/fastq/ERX1946762_ERR1886264_1.fastq.gz,/work/hartmaca/calixto_fetchngs/fastq/ERX1946762_ERR1886264_2.fastq.gz,auto
ERX1946763,/work/hartmaca/calixto_fetchngs/fastq/ERX1946763_ERR1886265_1.fastq.gz,/work/hartmaca/calixto_fetchngs/fastq/ERX1946763_ERR1886265_2.fastq.gz,auto
ERX1946764,/work/hartmaca/calixto_fetchngs/fastq/ERX1946764_ERR1886266_1.fastq.gz,/work/hartmaca/calixto_fetchngs/fastq/ERX1946764_ERR1886266_2.fastq.gz,auto
ERX1946765,/work/hartmaca/calixto_fetchngs/fastq/ERX1946765_ERR1886267_1.fastq.gz,/work/hartmaca/calixto_fetchngs/fastq/ERX1946765_ERR1886267_2.fastq.gz,auto
ERX1946766,/work/hartmaca/calixto_fetchngs/fastq/ERX1946766_ERR1886268_1.fastq.gz,/work/hartmaca/calixto_fetchngs/fastq/ERX1946766_ERR1886268_2.fastq.gz,auto
ERX1946767,/work/hartmaca/calixto_fetchngs/fastq/ERX1946767_ERR1886269_1.fastq.gz,/work/hartmaca/calixto_fetchngs/fastq/ERX1946767_ERR1886269_2.fastq.gz,auto
ERX1946768,/work/hartmaca/calixto_fetchngs/fastq/ERX1946768_ERR1886270_1.fastq.gz,/work/hartmaca/calixto_fetchngs/fastq/ERX1946768_ERR1886270_2.fastq.gz,auto
ERX1946769,/work/hartmaca/calixto_fetchngs/fastq/ERX1946769_ERR1886271_1.fastq.gz,/work/hartmaca/calixto_fetchngs/fastq/ERX1946769_ERR1886271_2.fastq.gz,auto
ERX1946770,/work/hartmaca/calixto_fetchngs/fastq/ERX1946770_ERR1886272_1.fastq.gz,/work/hartmaca/calixto_fetchngs/fastq/ERX1946770_ERR1886272_2.fastq.gz,auto
ERX1946771,/work/hartmaca/calixto_fetchngs/fastq/ERX1946771_ERR1886273_1.fastq.gz,/work/hartmaca/calixto_fetchngs/fastq/ERX1946771_ERR1886273_2.fastq.gz,auto
ERX1946772,/work/hartmaca/calixto_fetchngs/fastq/ERX1946772_ERR1886274_1.fastq.gz,/work/hartmaca/calixto_fetchngs/fastq/ERX1946772_ERR1886274_2.fastq.gz,auto
ERX1946773,/work/hartmaca/calixto_fetchngs/fastq/ERX1946773_ERR1886275_1.fastq.gz,/work/hartmaca/calixto_fetchngs/fastq/ERX1946773_ERR1886275_2.fastq.gz,auto
ERX1946774,/work/hartmaca/calixto_fetchngs/fastq/ERX1946774_ERR1886276_1.fastq.gz,/work/hartmaca/calixto_fetchngs/fastq/ERX1946774_ERR1886276_2.fastq.gz,auto
ERX1946775,/work/hartmaca/calixto_fetchngs/fastq/ERX1946775_ERR1886277_1.fastq.gz,/work/hartmaca/calixto_fetchngs/fastq/ERX1946775_ERR1886277_2.fastq.gz,auto
ERX1946776,/work/hartmaca/calixto_fetchngs/fastq/ERX1946776_ERR1886278_1.fastq.gz,/work/hartmaca/calixto_fetchngs/fastq/ERX1946776_ERR1886278_2.fastq.gz,auto
ERX1946777,/work/hartmaca/calixto_fetchngs/fastq/ERX1946777_ERR1886279_1.fastq.gz,/work/hartmaca/calixto_fetchngs/fastq/ERX1946777_ERR1886279_2.fastq.gz,auto
ERX1946778,/work/hartmaca/calixto_fetchngs/fastq/ERX1946778_ERR1886280_1.fastq.gz,/work/hartmaca/calixto_fetchngs/fastq/ERX1946778_ERR1886280_2.fastq.gz,auto
ERX1946779,/work/hartmaca/calixto_fetchngs/fastq/ERX1946779_ERR1886281_1.fastq.gz,/work/hartmaca/calixto_fetchngs/fastq/ERX1946779_ERR1886281_2.fastq.gz,auto
ERX1946780,/work/hartmaca/calixto_fetchngs/fastq/ERX1946780_ERR1886282_1.fastq.gz,/work/hartmaca/calixto_fetchngs/fastq/ERX1946780_ERR1886282_2.fastq.gz,auto
ERX1946781,/work/hartmaca/calixto_fetchngs/fastq/ERX1946781_ERR1886283_1.fastq.gz,/work/hartmaca/calixto_fetchngs/fastq/ERX1946781_ERR1886283_2.fastq.gz,auto
ERX1946782,/work/hartmaca/calixto_fetchngs/fastq/ERX1946782_ERR1886284_1.fastq.gz,/work/hartmaca/calixto_fetchngs/fastq/ERX1946782_ERR1886284_2.fastq.gz,auto
ERX1946783,/work/hartmaca/calixto_fetchngs/fastq/ERX1946783_ERR1886285_1.fastq.gz,/work/hartmaca/calixto_fetchngs/fastq/ERX1946783_ERR1886285_2.fastq.gz,auto
ERX1946784,/work/hartmaca/calixto_fetchngs/fastq/ERX1946784_ERR1886286_1.fastq.gz,/work/hartmaca/calixto_fetchngs/fastq/ERX1946784_ERR1886286_2.fastq.gz,auto
ERX1946785,/work/hartmaca/calixto_fetchngs/fastq/ERX1946785_ERR1886287_1.fastq.gz,/work/hartmaca/calixto_fetchngs/fastq/ERX1946785_ERR1886287_2.fastq.gz,auto
ERX1946786,/work/hartmaca/calixto_fetchngs/fastq/ERX1946786_ERR1886288_1.fastq.gz,/work/hartmaca/calixto_fetchngs/fastq/ERX1946786_ERR1886288_2.fastq.gz,auto
ERX1946787,/work/hartmaca/calixto_fetchngs/fastq/ERX1946787_ERR1886289_1.fastq.gz,/work/hartmaca/calixto_fetchngs/fastq/ERX1946787_ERR1886289_2.fastq.gz,auto
ERX1946788,/work/hartmaca/calixto_fetchngs/fastq/ERX1946788_ERR1886290_1.fastq.gz,/work/hartmaca/calixto_fetchngs/fastq/ERX1946788_ERR1886290_2.fastq.gz,auto
ERX1946789,/work/hartmaca/calixto_fetchngs/fastq/ERX1946789_ERR1886291_1.fastq.gz,/work/hartmaca/calixto_fetchngs/fastq/ERX1946789_ERR1886291_2.fastq.gz,auto
ERX1946790,/work/hartmaca/calixto_fetchngs/fastq/ERX1946790_ERR1886292_1.fastq.gz,/work/hartmaca/calixto_fetchngs/fastq/ERX1946790_ERR1886292_2.fastq.gz,auto
ERX1946791,/work/hartmaca/calixto_fetchngs/fastq/ERX1946791_ERR1886293_1.fastq.gz,/work/hartmaca/calixto_fetchngs/fastq/ERX1946791_ERR1886293_2.fastq.gz,auto
ERX1946792,/work/hartmaca/calixto_fetchngs/fastq/ERX1946792_ERR1886294_1.fastq.gz,/work/hartmaca/calixto_fetchngs/fastq/ERX1946792_ERR1886294_2.fastq.gz,auto
ERX1946793,/work/hartmaca/calixto_fetchngs/fastq/ERX1946793_ERR1886295_1.fastq.gz,/work/hartmaca/calixto_fetchngs/fastq/ERX1946793_ERR1886295_2.fastq.gz,auto
ERX1946794,/work/hartmaca/calixto_fetchngs/fastq/ERX1946794_ERR1886296_1.fastq.gz,/work/hartmaca/calixto_fetchngs/fastq/ERX1946794_ERR1886296_2.fastq.gz,auto
ERX1946795,/work/hartmaca/calixto_fetchngs/fastq/ERX1946795_ERR1886297_1.fastq.gz,/work/hartmaca/calixto_fetchngs/fastq/ERX1946795_ERR1886297_2.fastq.gz,auto
ERX1946796,/work/hartmaca/calixto_fetchngs/fastq/ERX1946796_ERR1886298_1.fastq.gz,/work/hartmaca/calixto_fetchngs/fastq/ERX1946796_ERR1886298_2.fastq.gz,auto
ERX1946797,/work/hartmaca/calixto_fetchngs/fastq/ERX1946797_ERR1886299_1.fastq.gz,/work/hartmaca/calixto_fetchngs/fastq/ERX1946797_ERR1886299_2.fastq.gz,auto
ERX1946798,/work/hartmaca/calixto_fetchngs/fastq/ERX1946798_ERR1886300_1.fastq.gz,/work/hartmaca/calixto_fetchngs/fastq/ERX1946798_ERR1886300_2.fastq.gz,auto
ERX1946799,/work/hartmaca/calixto_fetchngs/fastq/ERX1946799_ERR1886301_1.fastq.gz,/work/hartmaca/calixto_fetchngs/fastq/ERX1946799_ERR1886301_2.fastq.gz,auto
ERX1946800,/work/hartmaca/calixto_fetchngs/fastq/ERX1946800_ERR1886302_1.fastq.gz,/work/hartmaca/calixto_fetchngs/fastq/ERX1946800_ERR1886302_2.fastq.gz,auto
ERX1946801,/work/hartmaca/calixto_fetchngs/fastq/ERX1946801_ERR1886303_1.fastq.gz,/work/hartmaca/calixto_fetchngs/fastq/ERX1946801_ERR1886303_2.fastq.gz,auto
ERX1946802,/work/hartmaca/calixto_fetchngs/fastq/ERX1946802_ERR1886304_1.fastq.gz,/work/hartmaca/calixto_fetchngs/fastq/ERX1946802_ERR1886304_2.fastq.gz,auto
ERX1946803,/work/hartmaca/calixto_fetchngs/fastq/ERX1946803_ERR1886305_1.fastq.gz,/work/hartmaca/calixto_fetchngs/fastq/ERX1946803_ERR1886305_2.fastq.gz,auto
ERX1946804,/work/hartmaca/calixto_fetchngs/fastq/ERX1946804_ERR1886306_1.fastq.gz,/work/hartmaca/calixto_fetchngs/fastq/ERX1946804_ERR1886306_2.fastq.gz,auto
ERX1946805,/work/hartmaca/calixto_fetchngs/fastq/ERX1946805_ERR1886307_1.fastq.gz,/work/hartmaca/calixto_fetchngs/fastq/ERX1946805_ERR1886307_2.fastq.gz,auto
ERX1946806,/work/hartmaca/calixto_fetchngs/fastq/ERX1946806_ERR1886308_1.fastq.gz,/work/hartmaca/calixto_fetchngs/fastq/ERX1946806_ERR1886308_2.fastq.gz,auto
ERX1946807,/work/hartmaca/calixto_fetchngs/fastq/ERX1946807_ERR1886309_1.fastq.gz,/work/hartmaca/calixto_fetchngs/fastq/ERX1946807_ERR1886309_2.fastq.gz,auto
ERX1946808,/work/hartmaca/calixto_fetchngs/fastq/ERX1946808_ERR1886310_1.fastq.gz,/work/hartmaca/calixto_fetchngs/fastq/ERX1946808_ERR1886310_2.fastq.gz,auto
ERX1946809,/work/hartmaca/calixto_fetchngs/fastq/ERX1946809_ERR1886311_1.fastq.gz,/work/hartmaca/calixto_fetchngs/fastq/ERX1946809_ERR1886311_2.fastq.gz,auto
ERX1946810,/work/hartmaca/calixto_fetchngs/fastq/ERX1946810_ERR1886312_1.fastq.gz,/work/hartmaca/calixto_fetchngs/fastq/ERX1946810_ERR1886312_2.fastq.gz,auto
ERX1946811,/work/hartmaca/calixto_fetchngs/fastq/ERX1946811_ERR1886313_1.fastq.gz,/work/hartmaca/calixto_fetchngs/fastq/ERX1946811_ERR1886313_2.fastq.gz,auto
ERX1946812,/work/hartmaca/calixto_fetchngs/fastq/ERX1946812_ERR1886314_1.fastq.gz,/work/hartmaca/calixto_fetchngs/fastq/ERX1946812_ERR1886314_2.fastq.gz,auto
ERX1946813,/work/hartmaca/calixto_fetchngs/fastq/ERX1946813_ERR1886315_1.fastq.gz,/work/hartmaca/calixto_fetchngs/fastq/ERX1946813_ERR1886315_2.fastq.gz,auto
ERX1946814,/work/hartmaca/calixto_fetchngs/fastq/ERX1946814_ERR1886316_1.fastq.gz,/work/hartmaca/calixto_fetchngs/fastq/ERX1946814_ERR1886316_2.fastq.gz,auto
ERX1946815,/work/hartmaca/calixto_fetchngs/fastq/ERX1946815_ERR1886317_1.fastq.gz,/work/hartmaca/calixto_fetchngs/fastq/ERX1946815_ERR1886317_2.fastq.gz,auto
ERX1946816,/work/hartmaca/calixto_fetchngs/fastq/ERX1946816_ERR1886318_1.fastq.gz,/work/hartmaca/calixto_fetchngs/fastq/ERX1946816_ERR1886318_2.fastq.gz,auto
ERX1946817,/work/hartmaca/calixto_fetchngs/fastq/ERX1946817_ERR1886319_1.fastq.gz,/work/hartmaca/calixto_fetchngs/fastq/ERX1946817_ERR1886319_2.fastq.gz,auto
ERX1946818,/work/hartmaca/calixto_fetchngs/fastq/ERX1946818_ERR1886320_1.fastq.gz,/work/hartmaca/calixto_fetchngs/fastq/ERX1946818_ERR1886320_2.fastq.gz,auto
ERX1946819,/work/hartmaca/calixto_fetchngs/fastq/ERX1946819_ERR1886321_1.fastq.gz,/work/hartmaca/calixto_fetchngs/fastq/ERX1946819_ERR1886321_2.fastq.gz,auto
ERX1946820,/work/hartmaca/calixto_fetchngs/fastq/ERX1946820_ERR1886322_1.fastq.gz,/work/hartmaca/calixto_fetchngs/fastq/ERX1946820_ERR1886322_2.fastq.gz,auto
ERX1946821,/work/hartmaca/calixto_fetchngs/fastq/ERX1946821_ERR1886323_1.fastq.gz,/work/hartmaca/calixto_fetchngs/fastq/ERX1946821_ERR1886323_2.fastq.gz,auto
ERX1946822,/work/hartmaca/calixto_fetchngs/fastq/ERX1946822_ERR1886324_1.fastq.gz,/work/hartmaca/calixto_fetchngs/fastq/ERX1946822_ERR1886324_2.fastq.gz,auto
ERX1946823,/work/hartmaca/calixto_fetchngs/fastq/ERX1946823_ERR1886325_1.fastq.gz,/work/hartmaca/calixto_fetchngs/fastq/ERX1946823_ERR1886325_2.fastq.gz,auto
ERX1946824,/work/hartmaca/calixto_fetchngs/fastq/ERX1946824_ERR1886326_1.fastq.gz,/work/hartmaca/calixto_fetchngs/fastq/ERX1946824_ERR1886326_2.fastq.gz,auto
ERX1946825,/work/hartmaca/calixto_fetchngs/fastq/ERX1946825_ERR1886327_1.fastq.gz,/work/hartmaca/calixto_fetchngs/fastq/ERX1946825_ERR1886327_2.fastq.gz,auto
ERX1946826,/work/hartmaca/calixto_fetchngs/fastq/ERX1946826_ERR1886328_1.fastq.gz,/work/hartmaca/calixto_fetchngs/fastq/ERX1946826_ERR1886328_2.fastq.gz,auto
ERX1946827,/work/hartmaca/calixto_fetchngs/fastq/ERX1946827_ERR1886329_1.fastq.gz,/work/hartmaca/calixto_fetchngs/fastq/ERX1946827_ERR1886329_2.fastq.gz,auto
ERX1946828,/work/hartmaca/calixto_fetchngs/fastq/ERX1946828_ERR1886330_1.fastq.gz,/work/hartmaca/calixto_fetchngs/fastq/ERX1946828_ERR1886330_2.fastq.gz,auto
ERX1946829,/work/hartmaca/calixto_fetchngs/fastq/ERX1946829_ERR1886331_1.fastq.gz,/work/hartmaca/calixto_fetchngs/fastq/ERX1946829_ERR1886331_2.fastq.gz,auto
ERX1946830,/work/hartmaca/calixto_fetchngs/fastq/ERX1946830_ERR1886332_1.fastq.gz,/work/hartmaca/calixto_fetchngs/fastq/ERX1946830_ERR1886332_2.fastq.gz,auto
ERX1946831,/work/hartmaca/calixto_fetchngs/fastq/ERX1946831_ERR1886333_1.fastq.gz,/work/hartmaca/calixto_fetchngs/fastq/ERX1946831_ERR1886333_2.fastq.gz,auto
ERX1946832,/work/hartmaca/calixto_fetchngs/fastq/ERX1946832_ERR1886334_1.fastq.gz,/work/hartmaca/calixto_fetchngs/fastq/ERX1946832_ERR1886334_2.fastq.gz,auto
ERX1946833,/work/hartmaca/calixto_fetchngs/fastq/ERX1946833_ERR1886335_1.fastq.gz,/work/hartmaca/calixto_fetchngs/fastq/ERX1946833_ERR1886335_2.fastq.gz,auto
ERX1946834,/work/hartmaca/calixto_fetchngs/fastq/ERX1946834_ERR1886336_1.fastq.gz,/work/hartmaca/calixto_fetchngs/fastq/ERX1946834_ERR1886336_2.fastq.gz,auto
ERX1946835,/work/hartmaca/calixto_fetchngs/fastq/ERX1946835_ERR1886337_1.fastq.gz,/work/hartmaca/calixto_fetchngs/fastq/ERX1946835_ERR1886337_2.fastq.gz,auto
ERX1946836,/work/hartmaca/calixto_fetchngs/fastq/ERX1946836_ERR1886338_1.fastq.gz,/work/hartmaca/calixto_fetchngs/fastq/ERX1946836_ERR1886338_2.fastq.gz,auto
ERX1946837,/work/hartmaca/calixto_fetchngs/fastq/ERX1946837_ERR1886339_1.fastq.gz,/work/hartmaca/calixto_fetchngs/fastq/ERX1946837_ERR1886339_2.fastq.gz,auto
ERX1946838,/work/hartmaca/calixto_fetchngs/fastq/ERX1946838_ERR1886340_1.fastq.gz,/work/hartmaca/calixto_fetchngs/fastq/ERX1946838_ERR1886340_2.fastq.gz,auto
ERX1946839,/work/hartmaca/calixto_fetchngs/fastq/ERX1946839_ERR1886341_1.fastq.gz,/work/hartmaca/calixto_fetchngs/fastq/ERX1946839_ERR1886341_2.fastq.gz,auto
ERX1946840,/work/hartmaca/calixto_fetchngs/fastq/ERX1946840_ERR1886342_1.fastq.gz,/work/hartmaca/calixto_fetchngs/fastq/ERX1946840_ERR1886342_2.fastq.gz,auto
ERX1946841,/work/hartmaca/calixto_fetchngs/fastq/ERX1946841_ERR1886343_1.fastq.gz,/work/hartmaca/calixto_fetchngs/fastq/ERX1946841_ERR1886343_2.fastq.gz,auto
ERX1946842,/work/hartmaca/calixto_fetchngs/fastq/ERX1946842_ERR1886344_1.fastq.gz,/work/hartmaca/calixto_fetchngs/fastq/ERX1946842_ERR1886344_2.fastq.gz,auto
ERX1946843,/work/hartmaca/calixto_fetchngs/fastq/ERX1946843_ERR1886345_1.fastq.gz,/work/hartmaca/calixto_fetchngs/fastq/ERX1946843_ERR1886345_2.fastq.gz,auto
ERX1946844,/work/hartmaca/calixto_fetchngs/fastq/ERX1946844_ERR1886346_1.fastq.gz,/work/hartmaca/calixto_fetchngs/fastq/ERX1946844_ERR1886346_2.fastq.gz,auto
ERX1946845,/work/hartmaca/calixto_fetchngs/fastq/ERX1946845_ERR1886347_1.fastq.gz,/work/hartmaca/calixto_fetchngs/fastq/ERX1946845_ERR1886347_2.fastq.gz,auto
ERX1946846,/work/hartmaca/calixto_fetchngs/fastq/ERX1946846_ERR1886348_1.fastq.gz,/work/hartmaca/calixto_fetchngs/fastq/ERX1946846_ERR1886348_2.fastq.gz,auto
ERX1946847,/work/hartmaca/calixto_fetchngs/fastq/ERX1946847_ERR1886349_1.fastq.gz,/work/hartmaca/calixto_fetchngs/fastq/ERX1946847_ERR1886349_2.fastq.gz,auto
ERX1946848,/work/hartmaca/calixto_fetchngs/fastq/ERX1946848_ERR1886350_1.fastq.gz,/work/hartmaca/calixto_fetchngs/fastq/ERX1946848_ERR1886350_2.fastq.gz,auto
ERX1946849,/work/hartmaca/calixto_fetchngs/fastq/ERX1946849_ERR1886351_1.fastq.gz,/work/hartmaca/calixto_fetchngs/fastq/ERX1946849_ERR1886351_2.fastq.gz,auto
ERX1946850,/work/hartmaca/calixto_fetchngs/fastq/ERX1946850_ERR1886352_1.fastq.gz,/work/hartmaca/calixto_fetchngs/fastq/ERX1946850_ERR1886352_2.fastq.gz,auto
ERX1946851,/work/hartmaca/calixto_fetchngs/fastq/ERX1946851_ERR1886353_1.fastq.gz,/work/hartmaca/calixto_fetchngs/fastq/ERX1946851_ERR1886353_2.fastq.gz,auto
ERX1946852,/work/hartmaca/calixto_fetchngs/fastq/ERX1946852_ERR1886354_1.fastq.gz,/work/hartmaca/calixto_fetchngs/fastq/ERX1946852_ERR1886354_2.fastq.gz,auto
ERX1946853,/work/hartmaca/calixto_fetchngs/fastq/ERX1946853_ERR1886355_1.fastq.gz,/work/hartmaca/calixto_fetchngs/fastq/ERX1946853_ERR1886355_2.fastq.gz,auto
ERX1946854,/work/hartmaca/calixto_fetchngs/fastq/ERX1946854_ERR1886356_1.fastq.gz,/work/hartmaca/calixto_fetchngs/fastq/ERX1946854_ERR1886356_2.fastq.gz,auto
ERX1946855,/work/hartmaca/calixto_fetchngs/fastq/ERX1946855_ERR1886357_1.fastq.gz,/work/hartmaca/calixto_fetchngs/fastq/ERX1946855_ERR1886357_2.fastq.gz,auto
ERX1946856,/work/hartmaca/calixto_fetchngs/fastq/ERX1946856_ERR1886358_1.fastq.gz,/work/hartmaca/calixto_fetchngs/fastq/ERX1946856_ERR1886358_2.fastq.gz,auto
ERX1946857,/work/hartmaca/calixto_fetchngs/fastq/ERX1946857_ERR1886359_1.fastq.gz,/work/hartmaca/calixto_fetchngs/fastq/ERX1946857_ERR1886359_2.fastq.gz,auto
ERX1946858,/work/hartmaca/calixto_fetchngs/fastq/ERX1946858_ERR1886360_1.fastq.gz,/work/hartmaca/calixto_fetchngs/fastq/ERX1946858_ERR1886360_2.fastq.gz,auto
ERX1946859,/work/hartmaca/calixto_fetchngs/fastq/ERX1946859_ERR1886361_1.fastq.gz,/work/hartmaca/calixto_fetchngs/fastq/ERX1946859_ERR1886361_2.fastq.gz,auto
ERX1946860,/work/hartmaca/calixto_fetchngs/fastq/ERX1946860_ERR1886362_1.fastq.gz,/work/hartmaca/calixto_fetchngs/fastq/ERX1946860_ERR1886362_2.fastq.gz,auto
ERX1946861,/work/hartmaca/calixto_fetchngs/fastq/ERX1946861_ERR1886363_1.fastq.gz,/work/hartmaca/calixto_fetchngs/fastq/ERX1946861_ERR1886363_2.fastq.gz,auto
ERX1946862,/work/hartmaca/calixto_fetchngs/fastq/ERX1946862_ERR1886364_1.fastq.gz,/work/hartmaca/calixto_fetchngs/fastq/ERX1946862_ERR1886364_2.fastq.gz,auto
ERX1946863,/work/hartmaca/calixto_fetchngs/fastq/ERX1946863_ERR1886365_1.fastq.gz,/work/hartmaca/calixto_fetchngs/fastq/ERX1946863_ERR1886365_2.fastq.gz,auto
ERX1946864,/work/hartmaca/calixto_fetchngs/fastq/ERX1946864_ERR1886366_1.fastq.gz,/work/hartmaca/calixto_fetchngs/fastq/ERX1946864_ERR1886366_2.fastq.gz,auto
ERX1946865,/work/hartmaca/calixto_fetchngs/fastq/ERX1946865_ERR1886367_1.fastq.gz,/work/hartmaca/calixto_fetchngs/fastq/ERX1946865_ERR1886367_2.fastq.gz,auto
ERX1946866,/work/hartmaca/calixto_fetchngs/fastq/ERX1946866_ERR1886368_1.fastq.gz,/work/hartmaca/calixto_fetchngs/fastq/ERX1946866_ERR1886368_2.fastq.gz,auto
ERX1946867,/work/hartmaca/calixto_fetchngs/fastq/ERX1946867_ERR1886369_1.fastq.gz,/work/hartmaca/calixto_fetchngs/fastq/ERX1946867_ERR1886369_2.fastq.gz,auto
ERX1946868,/work/hartmaca/calixto_fetchngs/fastq/ERX1946868_ERR1886370_1.fastq.gz,/work/hartmaca/calixto_fetchngs/fastq/ERX1946868_ERR1886370_2.fastq.gz,auto
ERX1946869,/work/hartmaca/calixto_fetchngs/fastq/ERX1946869_ERR1886371_1.fastq.gz,/work/hartmaca/calixto_fetchngs/fastq/ERX1946869_ERR1886371_2.fastq.gz,auto
ERX1946870,/work/hartmaca/calixto_fetchngs/fastq/ERX1946870_ERR1886372_1.fastq.gz,/work/hartmaca/calixto_fetchngs/fastq/ERX1946870_ERR1886372_2.fastq.gz,auto
ERX1946871,/work/hartmaca/calixto_fetchngs/fastq/ERX1946871_ERR1886373_1.fastq.gz,/work/hartmaca/calixto_fetchngs/fastq/ERX1946871_ERR1886373_2.fastq.gz,auto
ERX1946872,/work/hartmaca/calixto_fetchngs/fastq/ERX1946872_ERR1886374_1.fastq.gz,/work/hartmaca/calixto_fetchngs/fastq/ERX1946872_ERR1886374_2.fastq.gz,auto
ERX1946873,/work/hartmaca/calixto_fetchngs/fastq/ERX1946873_ERR1886375_1.fastq.gz,/work/hartmaca/calixto_fetchngs/fastq/ERX1946873_ERR1886375_2.fastq.gz,auto
ERX1946874,/work/hartmaca/calixto_fetchngs/fastq/ERX1946874_ERR1886376_1.fastq.gz,/work/hartmaca/calixto_fetchngs/fastq/ERX1946874_ERR1886376_2.fastq.gz,auto
ERX1946875,/work/hartmaca/calixto_fetchngs/fastq/ERX1946875_ERR1886377_1.fastq.gz,/work/hartmaca/calixto_fetchngs/fastq/ERX1946875_ERR1886377_2.fastq.gz,auto
ERX1946876,/work/hartmaca/calixto_fetchngs/fastq/ERX1946876_ERR1886378_1.fastq.gz,/work/hartmaca/calixto_fetchngs/fastq/ERX1946876_ERR1886378_2.fastq.gz,auto
ERX1946877,/work/hartmaca/calixto_fetchngs/fastq/ERX1946877_ERR1886379_1.fastq.gz,/work/hartmaca/calixto_fetchngs/fastq/ERX1946877_ERR1886379_2.fastq.gz,auto
ERX1946878,/work/hartmaca/calixto_fetchngs/fastq/ERX1946878_ERR1886380_1.fastq.gz,/work/hartmaca/calixto_fetchngs/fastq/ERX1946878_ERR1886380_2.fastq.gz,auto
ERX1946879,/work/hartmaca/calixto_fetchngs/fastq/ERX1946879_ERR1886381_1.fastq.gz,/work/hartmaca/calixto_fetchngs/fastq/ERX1946879_ERR1886381_2.fastq.gz,auto
ERX1946880,/work/hartmaca/calixto_fetchngs/fastq/ERX1946880_ERR1886382_1.fastq.gz,/work/hartmaca/calixto_fetchngs/fastq/ERX1946880_ERR1886382_2.fastq.gz,auto
ERX1946881,/work/hartmaca/calixto_fetchngs/fastq/ERX1946881_ERR1886383_1.fastq.gz,/work/hartmaca/calixto_fetchngs/fastq/ERX1946881_ERR1886383_2.fastq.gz,auto
ERX1946882,/work/hartmaca/calixto_fetchngs/fastq/ERX1946882_ERR1886384_1.fastq.gz,/work/hartmaca/calixto_fetchngs/fastq/ERX1946882_ERR1886384_2.fastq.gz,auto
ERX1946883,/work/hartmaca/calixto_fetchngs/fastq/ERX1946883_ERR1886385_1.fastq.gz,/work/hartmaca/calixto_fetchngs/fastq/ERX1946883_ERR1886385_2.fastq.gz,auto
ERX1946884,/work/hartmaca/calixto_fetchngs/fastq/ERX1946884_ERR1886386_1.fastq.gz,/work/hartmaca/calixto_fetchngs/fastq/ERX1946884_ERR1886386_2.fastq.gz,auto
ERX1946885,/work/hartmaca/calixto_fetchngs/fastq/ERX1946885_ERR1886387_1.fastq.gz,/work/hartmaca/calixto_fetchngs/fastq/ERX1946885_ERR1886387_2.fastq.gz,auto
ERX1946886,/work/hartmaca/calixto_fetchngs/fastq/ERX1946886_ERR1886388_1.fastq.gz,/work/hartmaca/calixto_fetchngs/fastq/ERX1946886_ERR1886388_2.fastq.gz,auto
ERX1946887,/work/hartmaca/calixto_fetchngs/fastq/ERX1946887_ERR1886389_1.fastq.gz,/work/hartmaca/calixto_fetchngs/fastq/ERX1946887_ERR1886389_2.fastq.gz,auto
ERX1946888,/work/hartmaca/calixto_fetchngs/fastq/ERX1946888_ERR1886390_1.fastq.gz,/work/hartmaca/calixto_fetchngs/fastq/ERX1946888_ERR1886390_2.fastq.gz,auto
ERX1946889,/work/hartmaca/calixto_fetchngs/fastq/ERX1946889_ERR1886391_1.fastq.gz,/work/hartmaca/calixto_fetchngs/fastq/ERX1946889_ERR1886391_2.fastq.gz,auto
ERX1946890,/work/hartmaca/calixto_fetchngs/fastq/ERX1946890_ERR1886392_1.fastq.gz,/work/hartmaca/calixto_fetchngs/fastq/ERX1946890_ERR1886392_2.fastq.gz,auto
ERX1946891,/work/hartmaca/calixto_fetchngs/fastq/ERX1946891_ERR1886393_1.fastq.gz,/work/hartmaca/calixto_fetchngs/fastq/ERX1946891_ERR1886393_2.fastq.gz,auto
ERX1946892,/work/hartmaca/calixto_fetchngs/fastq/ERX1946892_ERR1886394_1.fastq.gz,/work/hartmaca/calixto_fetchngs/fastq/ERX1946892_ERR1886394_2.fastq.gz,auto
ERX1946893,/work/hartmaca/calixto_fetchngs/fastq/ERX1946893_ERR1886395_1.fastq.gz,/work/hartmaca/calixto_fetchngs/fastq/ERX1946893_ERR1886395_2.fastq.gz,auto
ERX1946894,/work/hartmaca/calixto_fetchngs/fastq/ERX1946894_ERR1886396_1.fastq.gz,/work/hartmaca/calixto_fetchngs/fastq/ERX1946894_ERR1886396_2.fastq.gz,auto
ERX1946895,/work/hartmaca/calixto_fetchngs/fastq/ERX1946895_ERR1886397_1.fastq.gz,/work/hartmaca/calixto_fetchngs/fastq/ERX1946895_ERR1886397_2.fastq.gz,auto
ERX1946896,/work/hartmaca/calixto_fetchngs/fastq/ERX1946896_ERR1886398_1.fastq.gz,/work/hartmaca/calixto_fetchngs/fastq/ERX1946896_ERR1886398_2.fastq.gz,auto
ERX1946897,/work/hartmaca/calixto_fetchngs/fastq/ERX1946897_ERR1886399_1.fastq.gz,/work/hartmaca/calixto_fetchngs/fastq/ERX1946897_ERR1886399_2.fastq.gz,auto
ERX1946898,/work/hartmaca/calixto_fetchngs/fastq/ERX1946898_ERR1886400_1.fastq.gz,/work/hartmaca/calixto_fetchngs/fastq/ERX1946898_ERR1886400_2.fastq.gz,auto
ERX1946899,/work/hartmaca/calixto_fetchngs/fastq/ERX1946899_ERR1886401_1.fastq.gz,/work/hartmaca/calixto_fetchngs/fastq/ERX1946899_ERR1886401_2.fastq.gz,auto
ERX1946900,/work/hartmaca/calixto_fetchngs/fastq/ERX1946900_ERR1886402_1.fastq.gz,/work/hartmaca/calixto_fetchngs/fastq/ERX1946900_ERR1886402_2.fastq.gz,auto
ERX1946901,/work/hartmaca/calixto_fetchngs/fastq/ERX1946901_ERR1886403_1.fastq.gz,/work/hartmaca/calixto_fetchngs/fastq/ERX1946901_ERR1886403_2.fastq.gz,auto
ERX1946902,/work/hartmaca/calixto_fetchngs/fastq/ERX1946902_ERR1886404_1.fastq.gz,/work/hartmaca/calixto_fetchngs/fastq/ERX1946902_ERR1886404_2.fastq.gz,auto
ERX1946903,/work/hartmaca/calixto_fetchngs/fastq/ERX1946903_ERR1886405_1.fastq.gz,/work/hartmaca/calixto_fetchngs/fastq/ERX1946903_ERR1886405_2.fastq.gz,auto
ERX1946904,/work/hartmaca/calixto_fetchngs/fastq/ERX1946904_ERR1886406_1.fastq.gz,/work/hartmaca/calixto_fetchngs/fastq/ERX1946904_ERR1886406_2.fastq.gz,auto
ERX1946905,/work/hartmaca/calixto_fetchngs/fastq/ERX1946905_ERR1886407_1.fastq.gz,/work/hartmaca/calixto_fetchngs/fastq/ERX1946905_ERR1886407_2.fastq.gz,auto
ERX1946906,/work/hartmaca/calixto_fetchngs/fastq/ERX1946906_ERR1886408_1.fastq.gz,/work/hartmaca/calixto_fetchngs/fastq/ERX1946906_ERR1886408_2.fastq.gz,auto
ERX1946907,/work/hartmaca/calixto_fetchngs/fastq/ERX1946907_ERR1886409_1.fastq.gz,/work/hartmaca/calixto_fetchngs/fastq/ERX1946907_ERR1886409_2.fastq.gz,auto
ERX1946908,/work/hartmaca/calixto_fetchngs/fastq/ERX1946908_ERR1886410_1.fastq.gz,/work/hartmaca/calixto_fetchngs/fastq/ERX1946908_ERR1886410_2.fastq.gz,auto
ERX1946909,/work/hartmaca/calixto_fetchngs/fastq/ERX1946909_ERR1886411_1.fastq.gz,/work/hartmaca/calixto_fetchngs/fastq/ERX1946909_ERR1886411_2.fastq.gz,auto
ERX1946910,/work/hartmaca/calixto_fetchngs/fastq/ERX1946910_ERR1886412_1.fastq.gz,/work/hartmaca/calixto_fetchngs/fastq/ERX1946910_ERR1886412_2.fastq.gz,auto
ERX1946911,/work/hartmaca/calixto_fetchngs/fastq/ERX1946911_ERR1886413_1.fastq.gz,/work/hartmaca/calixto_fetchngs/fastq/ERX1946911_ERR1886413_2.fastq.gz,auto